<?xml version="1.0" encoding="utf-8"?>
<odoo>
  <data noupdate="1">
    <!-- Type de contrat -->
    <record model='hr.contract.type' id='cdi'>
      <field name='name'>CDI</field>
    </record>
 
    <record model='hr.contract.type' id='cdd'>
      <field name='name'>CDD</field>
    </record>     
      
      
   <!-- <record id="hr_contract.structure_type_employee" model="hr.payroll.structure.type">
      <field name="name">Employee</field>
    </record>-->

    <record model='hr.payroll.structure.type' id='consultant'>
      <field name='name'>Consultant</field>

    </record>

    <record model='hr.payroll.structure.type' id='stagiaire'>
      <field name='name'>Stagiaire</field>

    </record>
 
    <!-- Mode de paiement pour l'employée -->
    <record model="elo.hr.payement.mode" id="esp">
      <field name="name">Espèce</field>
    </record>

    <record model="elo.hr.payement.mode" id="bnk">
      <field name="name">Virement bancaire</field>
    </record>

    <record model="elo.hr.payement.mode" id="ccp">
      <field name="name">Virement CCP</field>
    </record>

    <!-- Modif de fin de contrat -->
    <record model="elo.hr.reason.end.contract" id="dc">
      <field name="name">Fin de contrat</field>
    </record>

    <record model="elo.hr.reason.end.contract" id="dm">
      <field name="name">Démission</field>
    </record>

    <record model="elo.hr.reason.end.contract" id="lc">
      <field name="name">Licenciement</field>
    </record>

    <!-- Indémnité expérience professionnelle -->
    <record model="elo.pay.iep" id="1">
      <field name="year">2</field>
      <field name="taux">2</field>
      <field name="year_application">3</field>
    </record>
  </data>
</odoo>
