<?xml version="1.0" encoding="utf-8"?>
<odoo>
    <data noupdate="1">
        <record id="resource_calendar_std_22j" model="resource.calendar">
            <field name="name">Standard Algérie 5Jours/Semaines</field>
            <!-- <field name="company_id" eval="user_id.company_id"/> -->
            <field name="hours_per_day">8.0</field>
            <field name="base_mois">22</field>
            <field name="tz">Africa/Algiers</field>
            <field name="attendance_ids"
                eval="[(5, 0, 0),
                    (0, 0, {'name': 'Dimanche Matin', 'dayofweek': '6', 'hour_from': 8, 'hour_to': 12, 'day_period': 'morning'}),
                    (0, 0, {'name': 'Dimanche Après-midi', 'dayofweek': '6', 'hour_from': 13, 'hour_to': 17, 'day_period': 'afternoon'}),
                    (0, 0, {'name': 'Lundi Matin', 'dayofweek': '0', 'hour_from': 8, 'hour_to': 12, 'day_period': 'morning'}),
                    (0, 0, {'name': 'Lundi Après-midi', 'dayofweek': '0', 'hour_from': 13, 'hour_to': 17, 'day_period': 'afternoon'}),
                    (0, 0, {'name': 'Mardi Matin', 'dayofweek': '1', 'hour_from': 8, 'hour_to': 12, 'day_period': 'morning'}),
                    (0, 0, {'name': 'Mardi Après-midi', 'dayofweek': '1', 'hour_from': 13, 'hour_to': 17, 'day_period': 'afternoon'}),
                    (0, 0, {'name': 'Mercredi Matin', 'dayofweek': '2', 'hour_from': 8, 'hour_to': 12, 'day_period': 'morning'}),
                    (0, 0, {'name': 'Mercredi Après-midi', 'dayofweek': '2', 'hour_from': 13, 'hour_to': 17, 'day_period': 'afternoon'}),
                    (0, 0, {'name': 'Jeudi Matin', 'dayofweek': '3', 'hour_from': 8, 'hour_to': 12, 'day_period': 'morning'}),
                    (0, 0, {'name': 'Jeudi Après-midi', 'dayofweek': '3', 'hour_from': 13, 'hour_to': 17, 'day_period': 'afternoon'})
                ]"
            />
        </record>

        <record id="resource_calendar_std_26j" model="resource.calendar">
            <field name="name">Standard Algérie 6Jours/Semaines</field>
            <!-- <field name="company_id" eval="user_id.company_id"/> -->
            <field name="hours_per_day">8.0</field>
            <field name="base_mois">26</field>
            <field name="tz">Africa/Algiers</field>
            <field name="attendance_ids"
                eval="[(5, 0, 0),
                    (0, 0, {'name': 'Samedi Matin', 'dayofweek': '5', 'hour_from': 8, 'hour_to': 12, 'day_period': 'morning'}),
                    (0, 0, {'name': 'Samedi Après-midi', 'dayofweek': '5', 'hour_from': 13, 'hour_to': 17, 'day_period': 'afternoon'}),
                    (0, 0, {'name': 'Dimanche Matin', 'dayofweek': '6', 'hour_from': 8, 'hour_to': 12, 'day_period': 'morning'}),
                    (0, 0, {'name': 'Dimanche Après-midi', 'dayofweek': '6', 'hour_from': 13, 'hour_to': 17, 'day_period': 'afternoon'}),
                    (0, 0, {'name': 'Lundi Matin', 'dayofweek': '0', 'hour_from': 8, 'hour_to': 12, 'day_period': 'morning'}),
                    (0, 0, {'name': 'Lundi Après-midi', 'dayofweek': '0', 'hour_from': 13, 'hour_to': 17, 'day_period': 'afternoon'}),
                    (0, 0, {'name': 'Mardi Matin', 'dayofweek': '1', 'hour_from': 8, 'hour_to': 12, 'day_period': 'morning'}),
                    (0, 0, {'name': 'Mardi Après-midi', 'dayofweek': '1', 'hour_from': 13, 'hour_to': 17, 'day_period': 'afternoon'}),
                    (0, 0, {'name': 'Mercredi Matin', 'dayofweek': '2', 'hour_from': 8, 'hour_to': 12, 'day_period': 'morning'}),
                    (0, 0, {'name': 'Mercredi Après-midi', 'dayofweek': '2', 'hour_from': 13, 'hour_to': 17, 'day_period': 'afternoon'}),
                    (0, 0, {'name': 'Jeudi Matin', 'dayofweek': '3', 'hour_from': 8, 'hour_to': 12, 'day_period': 'morning'}),
                    (0, 0, {'name': 'Jeudi Après-midi', 'dayofweek': '3', 'hour_from': 13, 'hour_to': 17, 'day_period': 'afternoon'})
                ]"
            />
        </record>

        <record id="resource_calendar_std_30j" model="resource.calendar">
            <field name="name">Standard Algérie 7Jours/Semaines</field>
           <!--  <field name="company_id" eval="user_id.company_id"/> -->
            <field name="hours_per_day">8.0</field>
            <field name="base_mois">30</field>
            <field name="tz">Africa/Algiers</field>
            <field name="attendance_ids"
                eval="[(5, 0, 0),
                    (0, 0, {'name': 'Vendredi Matin', 'dayofweek': '4', 'hour_from': 8, 'hour_to': 12, 'day_period': 'morning'}),
                    (0, 0, {'name': 'Vendredi Après-midi', 'dayofweek': '4', 'hour_from': 13, 'hour_to': 17, 'day_period': 'afternoon'}),
                    (0, 0, {'name': 'Samedi Matin', 'dayofweek': '5', 'hour_from': 8, 'hour_to': 12, 'day_period': 'morning'}),
                    (0, 0, {'name': 'Samedi Après-midi', 'dayofweek': '5', 'hour_from': 13, 'hour_to': 17, 'day_period': 'afternoon'}),
                    (0, 0, {'name': 'Dimanche Matin', 'dayofweek': '6', 'hour_from': 8, 'hour_to': 12, 'day_period': 'morning'}),
                    (0, 0, {'name': 'Dimanche Après-midi', 'dayofweek': '6', 'hour_from': 13, 'hour_to': 17, 'day_period': 'afternoon'}),
                    (0, 0, {'name': 'Lundi Matin', 'dayofweek': '0', 'hour_from': 8, 'hour_to': 12, 'day_period': 'morning'}),
                    (0, 0, {'name': 'Lundi Après-midi', 'dayofweek': '0', 'hour_from': 13, 'hour_to': 17, 'day_period': 'afternoon'}),
                    (0, 0, {'name': 'Mardi Matin', 'dayofweek': '1', 'hour_from': 8, 'hour_to': 12, 'day_period': 'morning'}),
                    (0, 0, {'name': 'Mardi Après-midi', 'dayofweek': '1', 'hour_from': 13, 'hour_to': 17, 'day_period': 'afternoon'}),
                    (0, 0, {'name': 'Mercredi Matin', 'dayofweek': '2', 'hour_from': 8, 'hour_to': 12, 'day_period': 'morning'}),
                    (0, 0, {'name': 'Mercredi Après-midi', 'dayofweek': '2', 'hour_from': 13, 'hour_to': 17, 'day_period': 'afternoon'}),
                    (0, 0, {'name': 'Jeudi Matin', 'dayofweek': '3', 'hour_from': 8, 'hour_to': 12, 'day_period': 'morning'}),
                    (0, 0, {'name': 'Jeudi Après-midi', 'dayofweek': '3', 'hour_from': 13, 'hour_to': 17, 'day_period': 'afternoon'})
                ]"
            />
        </record>
    </data>
</odoo>
